Workbook

Sheet Instructions
A1: Sales Tracker - How to use
A3: 1. Enter new sales ONLY on the 'Raw_Data' tab (blue text = input cells, columns A-G).
A4: 2. Column H (Sales) is a formula = Qty x Unit Price. Do not type in it.
A5: 3. Data validation blocks bad entries: valid dates, whole-number Qty > 0, price > 0, dropdowns for Category/Region.
A6: 4. 'Summary' tab auto-calculates Daily, Weekly (Mon-Sun) and Monthly totals with SUMIFS. Never type there.
A7: 5. 'Verification' tab compares formula totals against independently hand-calculated (manual check) totals.
A8: 6. Formulas cover rows 2-1000 of Raw_Data, so you can keep adding rows.
A10: Example row is Raw_Data row 2 (sample data, replace/extend as needed).

Sheet Raw_Data
A1: Date | B1: Order ID | C1: Product | D1: Category | E1: Region | F1: Qty | G1: Unit Price | H1: Sales
A2: 46279 | B2: ORD-1001 | C2: Denim Jeans | D2: Clothing | E2: South | F2: 2 | G2: 1499 | H2: =IF(OR(F2="",G2=""),"",F2*G2) -> 2998
A3: 46280 | B3: ORD-1002 | C3: Wireless Mouse | D3: Electronics | E3: South | F3: 2 | G3: 899 | H3: =IF(OR(F3="",G3=""),"",F3*G3) -> 1798
A4: 46280 | B4: ORD-1003 | C4: Olive Oil 1L | D4: Grocery | E4: North | F4: 4 | G4: 799 | H4: =IF(OR(F4="",G4=""),"",F4*G4) -> 3196
A5: 46280 | B5: ORD-1004 | C5: Desk Lamp | D5: Home | E5: West | F5: 4 | G5: 699 | H5: =IF(OR(F5="",G5=""),"",F5*G5) -> 2796
A6: 46281 | B6: ORD-1005 | C6: Olive Oil 1L | D6: Grocery | E6: North | F6: 4 | G6: 799 | H6: =IF(OR(F6="",G6=""),"",F6*G6) -> 3196
A7: 46281 | B7: ORD-1006 | C7: Basmati Rice 5kg | D7: Grocery | E7: East | F7: 5 | G7: 649 | H7: =IF(OR(F7="",G7=""),"",F7*G7) -> 3245
A8: 46281 | B8: ORD-1007 | C8: Desk Lamp | D8: Home | E8: West | F8: 6 | G8: 699 | H8: =IF(OR(F8="",G8=""),"",F8*G8) -> 4194
A9: 46282 | B9: ORD-1008 | C9: Cotton T-Shirt | D9: Clothing | E9: North | F9: 4 | G9: 499 | H9: =IF(OR(F9="",G9=""),"",F9*G9) -> 1996
A10: 46283 | B10: ORD-1009 | C10: Steel Bottle | D10: Home | E10: North | F10: 3 | G10: 399 | H10: =IF(OR(F10="",G10=""),"",F10*G10) -> 1197
A11: 46283 | B11: ORD-1010 | C11: Green Tea Box | D11: Grocery | E11: North | F11: 4 | G11: 249 | H11: =IF(OR(F11="",G11=""),"",F11*G11) -> 996
A12: 46283 | B12: ORD-1011 | C12: Green Tea Box | D12: Grocery | E12: South | F12: 5 | G12: 249 | H12: =IF(OR(F12="",G12=""),"",F12*G12) -> 1245
A13: 46284 | B13: ORD-1012 | C13: Power Bank | D13: Electronics | E13: South | F13: 2 | G13: 1299 | H13: =IF(OR(F13="",G13=""),"",F13*G13) -> 2598
... A65: 46311 | B65: ORD-1064 | C65: Green Tea Box | D65: Grocery | E65: East | F65: 6 | G65: 249 | H65: =IF(OR(F65="",G65=""),"",F65*G65) -> 1494
H66: =IF(OR(F66="",G66=""),"",F66*G66)
H67: =IF(OR(F67="",G67=""),"",F67*G67)
H68: =IF(OR(F68="",G68=""),"",F68*G68)
H69: =IF(OR(F69="",G69=""),"",F69*G69)
H70: =IF(OR(F70="",G70=""),"",F70*G70)
H71: =IF(OR(F71="",G71=""),"",F71*G71)
H72: =IF(OR(F72="",G72=""),"",F72*G72)
H73: =IF(OR(F73="",G73=""),"",F73*G73)
H74: =IF(OR(F74="",G74=""),"",F74*G74)
H75: =IF(OR(F75="",G75=""),"",F75*G75)
H76: =IF(OR(F76="",G76=""),"",F76*G76)
H77: =IF(OR(F77="",G77=""),"",F77*G77)
... H1000: =IF(OR(F1000="",G1000=""),"",F1000*G1000)

Sheet Summary
A1: Daily Totals | E1: Weekly Totals (Mon-Sun) | I1: Monthly Totals
A2: Date | B2: Total Sales | E2: Week Start | F2: Week End | G2: Total Sales | I2: Month Start | J2: Total Sales
A3: 46279 | B3: =SUMIFS(Raw_Data!$H$2:$H$1000,Raw_Data!$A$2:$A$1000,A3) -> 2998 | E3: 46279 | F3: =E3+6 -> 46285 | G3: =SUMIFS(Raw_Data!$H$2:$H$1000,Raw_Data!$A$2:$A$1000,">="&E3,Raw_Data!$A$2:$A$1000,"<="&F3) -> 46544 | I3: 46266 | J3: =SUMIFS(Raw_Data!$H$2:$H$1000,Raw_Data!$A$2:$A$1000,">="&I3,Raw_Data!$A$2:$A$1000,"<"&EDATE(I3,1)) -> 99481
A4: =A3+1 -> 46280 | B4: =SUMIFS(Raw_Data!$H$2:$H$1000,Raw_Data!$A$2:$A$1000,A4) -> 7790 | E4: =E3+7 -> 46286 | F4: =E4+6 -> 46292 | G4: =SUMIFS(Raw_Data!$H$2:$H$1000,Raw_Data!$A$2:$A$1000,">="&E4,Raw_Data!$A$2:$A$1000,"<="&F4) -> 39253 | I4: =EDATE(I3,1) -> 46296 | J4: =SUMIFS(Raw_Data!$H$2:$H$1000,Raw_Data!$A$2:$A$1000,">="&I4,Raw_Data!$A$2:$A$1000,"<"&EDATE(I4,1)) -> 86040
A5: =A4+1 -> 46281 | B5: =SUMIFS(Raw_Data!$H$2:$H$1000,Raw_Data!$A$2:$A$1000,A5) -> 10635 | E5: =E4+7 -> 46293 | F5: =E5+6 -> 46299 | G5: =SUMIFS(Raw_Data!$H$2:$H$1000,Raw_Data!$A$2:$A$1000,">="&E5,Raw_Data!$A$2:$A$1000,"<="&F5) -> 35006 | I5: =EDATE(I4,1) -> 46327 | J5: =SUMIFS(Raw_Data!$H$2:$H$1000,Raw_Data!$A$2:$A$1000,">="&I5,Raw_Data!$A$2:$A$1000,"<"&EDATE(I5,1)) -> 0
A6: =A5+1 -> 46282 | B6: =SUMIFS(Raw_Data!$H$2:$H$1000,Raw_Data!$A$2:$A$1000,A6) -> 1996 | E6: =E5+7 -> 46300 | F6: =E6+6 -> 46306 | G6: =SUMIFS(Raw_Data!$H$2:$H$1000,Raw_Data!$A$2:$A$1000,">="&E6,Raw_Data!$A$2:$A$1000,"<="&F6) -> 56239
A7: =A6+1 -> 46283 | B7: =SUMIFS(Raw_Data!$H$2:$H$1000,Raw_Data!$A$2:$A$1000,A7) -> 3438 | E7: =E6+7 -> 46307 | F7: =E7+6 -> 46313 | G7: =SUMIFS(Raw_Data!$H$2:$H$1000,Raw_Data!$A$2:$A$1000,">="&E7,Raw_Data!$A$2:$A$1000,"<="&F7) -> 8479 | I7: Grand Total | J7: =SUM(J3:J5) -> 185521
A8: =A7+1 -> 46284 | B8: =SUMIFS(Raw_Data!$H$2:$H$1000,Raw_Data!$A$2:$A$1000,A8) -> 2598 | E8: =E7+7 -> 46314 | F8: =E8+6 -> 46320 | G8: =SUMIFS(Raw_Data!$H$2:$H$1000,Raw_Data!$A$2:$A$1000,">="&E8,Raw_Data!$A$2:$A$1000,"<="&F8) -> 0
A9: =A8+1 -> 46285 | B9: =SUMIFS(Raw_Data!$H$2:$H$1000,Raw_Data!$A$2:$A$1000,A9) -> 17089 | I9: Blue dates = starting inputs; change them to move the reporting window.
A10: =A9+1 -> 46286 | B10: =SUMIFS(Raw_Data!$H$2:$H$1000,Raw_Data!$A$2:$A$1000,A10) -> 8392
A11: =A10+1 -> 46287 | B11: =SUMIFS(Raw_Data!$H$2:$H$1000,Raw_Data!$A$2:$A$1000,A11) -> 10492
A12: =A11+1 -> 46288 | B12: =SUMIFS(Raw_Data!$H$2:$H$1000,Raw_Data!$A$2:$A$1000,A12) -> 897
A13: =A12+1 -> 46289 | B13: =SUMIFS(Raw_Data!$H$2:$H$1000,Raw_Data!$A$2:$A$1000,A13) -> 1996
A14: =A13+1 -> 46290 | B14: =SUMIFS(Raw_Data!$H$2:$H$1000,Raw_Data!$A$2:$A$1000,A14) -> 3694
A15: =A14+1 -> 46291 | B15: =SUMIFS(Raw_Data!$H$2:$H$1000,Raw_Data!$A$2:$A$1000,A15) -> 10788
A16: =A15+1 -> 46292 | B16: =SUMIFS(Raw_Data!$H$2:$H$1000,Raw_Data!$A$2:$A$1000,A16) -> 2994
A17: =A16+1 -> 46293 | B17: =SUMIFS(Raw_Data!$H$2:$H$1000,Raw_Data!$A$2:$A$1000,A17) -> 598
A18: =A17+1 -> 46294 | B18: =SUMIFS(Raw_Data!$H$2:$H$1000,Raw_Data!$A$2:$A$1000,A18) -> 11091
A19: =A18+1 -> 46295 | B19: =SUMIFS(Raw_Data!$H$2:$H$1000,Raw_Data!$A$2:$A$1000,A19) -> 1995
A20: =A19+1 -> 46296 | B20: =SUMIFS(Raw_Data!$H$2:$H$1000,Raw_Data!$A$2:$A$1000,A20) -> 2596
A21: =A20+1 -> 46297 | B21: =SUMIFS(Raw_Data!$H$2:$H$1000,Raw_Data!$A$2:$A$1000,A21) -> 6093
... A35: =A34+1 -> 46311 | B35: =SUMIFS(Raw_Data!$H$2:$H$1000,Raw_Data!$A$2:$A$1000,A35) -> 1494

Sheet Verification
A1: Check | B1: Period | C1: Formula Total | D1: Manual Total (hand-calculated) | E1: Difference | F1: Status
A2: Week 1 | B2: 14-Sep to 20-Sep | C2: =Summary!G3 -> 46544 | D2: 46544 | E2: =C2-D2 -> 0 | F2: =IF(ABS(E2)<0.005,"MATCH","CHECK") -> MATCH
A3: Week 2 | B3: 21-Sep to 27-Sep | C3: =Summary!G4 -> 39253 | D3: 39253 | E3: =C3-D3 -> 0 | F3: =IF(ABS(E3)<0.005,"MATCH","CHECK") -> MATCH
A4: Week 3 | B4: 28-Sep to 04-Oct | C4: =Summary!G5 -> 35006 | D4: 35006 | E4: =C4-D4 -> 0 | F4: =IF(ABS(E4)<0.005,"MATCH","CHECK") -> MATCH
A5: Week 4 | B5: 05-Oct to 11-Oct | C5: =Summary!G6 -> 56239 | D5: 56239 | E5: =C5-D5 -> 0 | F5: =IF(ABS(E5)<0.005,"MATCH","CHECK") -> MATCH
A6: Week 5 | B6: 12-Oct to 18-Oct | C6: =Summary!G7 -> 8479 | D6: 8479 | E6: =C6-D6 -> 0 | F6: =IF(ABS(E6)<0.005,"MATCH","CHECK") -> MATCH
A7: Week 6 | B7: 19-Oct to 25-Oct | C7: =Summary!G8 -> 0 | D7: 0 | E7: =C7-D7 -> 0 | F7: =IF(ABS(E7)<0.005,"MATCH","CHECK") -> MATCH
A8: Sep 2026 | B8: Month | C8: =Summary!J3 -> 99481 | D8: 99481 | E8: =C8-D8 -> 0 | F8: =IF(ABS(E8)<0.005,"MATCH","CHECK") -> MATCH
A9: Oct 2026 | B9: Month | C9: =Summary!J4 -> 86040 | D9: 86040 | E9: =C9-D9 -> 0 | F9: =IF(ABS(E9)<0.005,"MATCH","CHECK") -> MATCH
A10: Day 14-Sep | B10: Daily | C10: =Summary!B3 -> 2998 | D10: 2998 | E10: =C10-D10 -> 0 | F10: =IF(ABS(E10)<0.005,"MATCH","CHECK") -> MATCH
A11: Day 24-Sep | B11: Daily | C11: =Summary!B13 -> 1996 | D11: 1996 | E11: =C11-D11 -> 0 | F11: =IF(ABS(E11)<0.005,"MATCH","CHECK") -> MATCH
A12: Day 16-Oct | B12: Daily | C12: =Summary!B35 -> 1494 | D12: 1494 | E12: =C12-D12 -> 0 | F12: =IF(ABS(E12)<0.005,"MATCH","CHECK") -> MATCH
A13: Grand total | B13: All | C13: =SUM(Raw_Data!H2:H1000) -> 185521 | D13: 185521 | E13: =C13-D13 -> 0 | F13: =IF(ABS(E13)<0.005,"MATCH","CHECK") -> MATCH
A15: Manual totals were computed independently outside the sheet (sum of Qty x Unit Price per period) and entered as fixed values.
A16: Overall | F16: =IF(COUNTIF(F2:F13,"MATCH")=ROWS(F2:F13),"ALL VERIFIED","REVIEW") -> ALL VERIFIED
